author,chatgpt-5.6_delta_mean,claude-opus-4.8_delta_mean,deepseek-v4-pro_delta_mean,glm-5.2_delta_mean
Catherine Bennett,,0.052892,0.059894,0.059638
Martin Kettle,0.049879,0.050109,0.046810,0.051869
George Monbiot,0.104134,0.057692,0.126626,0.080850
Jonathan Freedland,0.214782,0.131261,0.214008,0.044927
Hugo Young,0.330754,0.344236,0.337177,0.329449
