author,glm-5.2,chatgpt-5.6,claude-opus-4.8,deepseek-v4-pro
Catherine Bennett,0.059638,,0.052892,0.059894
Martin Kettle,0.051869,0.049879,0.050109,0.046810
George Monbiot,0.080850,0.104134,0.057692,0.126626
Jonathan Freedland,0.044927,0.214782,0.131261,0.214008
Hugo Young,0.329449,0.330754,0.344236,0.337177
