{
  "n_folds": 25,
  "overall": {
    "natural_mean": 0.8332062211444412,
    "natural_std": 0.1487848415695035,
    "generated_mean": 0.9482432898831871,
    "generated_std": 0.10235018770897096,
    "delta_mean": 0.11503706873874582,
    "delta_std": 0.16437275554535696
  },
  "per_author": {
    "Catherine Bennett": {
      "n_folds": 5,
      "natural_mean": 0.9362426844135243,
      "natural_std": 0.04622223931665172,
      "generated_mean": 0.9959380950546695,
      "generated_std": 0.007236923416141046,
      "delta_mean": 0.05969541064114521,
      "delta_std": 0.04844343138403969
    },
    "George Monbiot": {
      "n_folds": 5,
      "natural_mean": 0.8705534422225751,
      "natural_std": 0.08770891375476027,
      "generated_mean": 0.9485599442955877,
      "generated_std": 0.10801686653153224,
      "delta_mean": 0.07800650207301241,
      "delta_std": 0.17809472483028232
    },
    "Hugo Young": {
      "n_folds": 5,
      "natural_mean": 0.6543575225630339,
      "natural_std": 0.18578188166475498,
      "generated_mean": 0.9890018701779957,
      "generated_std": 0.007011993413415359,
      "delta_mean": 0.3346443476149617,
      "delta_std": 0.18004477079432757
    },
    "Jonathan Freedland": {
      "n_folds": 5,
      "natural_mean": 0.7868626436504614,
      "natural_std": 0.13596153049937929,
      "generated_mean": 0.8339402148890226,
      "generated_std": 0.16821848267637934,
      "delta_mean": 0.047077571238561045,
      "delta_std": 0.13336331393884698
    },
    "Martin Kettle": {
      "n_folds": 5,
      "natural_mean": 0.918014812872611,
      "natural_std": 0.057608756720078515,
      "generated_mean": 0.9737763249986597,
      "generated_std": 0.02683498269607981,
      "delta_mean": 0.05576151212604872,
      "delta_std": 0.043038026748501844
    }
  }
}