{
  "aliases": [
    "chatgpt-5.6",
    "claude-opus-4.8",
    "deepseek-v4-pro",
    "glm-5.2"
  ],
  "per_model": {
    "chatgpt-5.6": {
      "n_folds": 25,
      "overall": {
        "natural_mean": 0.8332147931364656,
        "natural_std": 0.14938237035423088,
        "generated_mean": NaN,
        "generated_std": NaN,
        "delta_mean": NaN,
        "delta_std": NaN
      },
      "per_author": {
        "Catherine Bennett": {
          "n_folds": 5,
          "natural_mean": 0.9360396726344069,
          "natural_std": 0.04858777799446223,
          "generated_mean": NaN,
          "generated_std": NaN,
          "delta_mean": NaN,
          "delta_std": NaN
        },
        "George Monbiot": {
          "n_folds": 5,
          "natural_mean": 0.8694884125485132,
          "natural_std": 0.08758629079329426,
          "generated_mean": 0.9736227108973198,
          "generated_std": 0.011857690099918843,
          "delta_mean": 0.10413429834880654,
          "delta_std": 0.09798898749386109
        },
        "Hugo Young": {
          "n_folds": 5,
          "natural_mean": 0.6542017412107058,
          "natural_std": 0.18613126304712554,
          "generated_mean": 0.984955356522755,
          "generated_std": 0.023827999459049065,
          "delta_mean": 0.33075361531204933,
          "delta_std": 0.18379507347500074
        },
        "Jonathan Freedland": {
          "n_folds": 5,
          "natural_mean": 0.7885350718485565,
          "natural_std": 0.14012349427902743,
          "generated_mean": 1.0033172953056475,
          "generated_std": 0.002134980464835743,
          "delta_mean": 0.21478222345709108,
          "delta_std": 0.1419075048915493
        },
        "Martin Kettle": {
          "n_folds": 5,
          "natural_mean": 0.9178090674401449,
          "natural_std": 0.056748508243733266,
          "generated_mean": 0.9676882977945134,
          "generated_std": 0.022582672070395108,
          "delta_mean": 0.049879230354368365,
          "delta_std": 0.04802921072255686
        }
      }
    },
    "claude-opus-4.8": {
      "n_folds": 25,
      "overall": {
        "natural_mean": 0.8332147931364656,
        "natural_std": 0.14938237035423088,
        "generated_mean": 0.9604527959499191,
        "generated_std": 0.08524544685189174,
        "delta_mean": 0.12723800281345346,
        "delta_std": 0.17216685458345826
      },
      "per_author": {
        "Catherine Bennett": {
          "n_folds": 5,
          "natural_mean": 0.9360396726344069,
          "natural_std": 0.04858777799446223,
          "generated_mean": 0.9889318644447446,
          "generated_std": 0.025324121752925192,
          "delta_mean": 0.052892191810337684,
          "delta_std": 0.04749951639255994
        },
        "George Monbiot": {
          "n_folds": 5,
          "natural_mean": 0.8694884125485132,
          "natural_std": 0.08758629079329426,
          "generated_mean": 0.927180347258149,
          "generated_std": 0.14494978159867233,
          "delta_mean": 0.05769193470963585,
          "delta_std": 0.21331249960189838
        },
        "Hugo Young": {
          "n_folds": 5,
          "natural_mean": 0.6542017412107058,
          "natural_std": 0.18613126304712554,
          "generated_mean": 0.9984378559922502,
          "generated_std": 0.008334359142643454,
          "delta_mean": 0.3442361147815444,
          "delta_std": 0.18553995994133904
        },
        "Jonathan Freedland": {
          "n_folds": 5,
          "natural_mean": 0.7885350718485565,
          "natural_std": 0.14012349427902743,
          "generated_mean": 0.919796093770519,
          "generated_std": 0.11993700410571494,
          "delta_mean": 0.13126102192196265,
          "delta_std": 0.11421497835179237
        },
        "Martin Kettle": {
          "n_folds": 5,
          "natural_mean": 0.9178090674401449,
          "natural_std": 0.056748508243733266,
          "generated_mean": 0.9679178182839315,
          "generated_std": 0.034022499585953825,
          "delta_mean": 0.05010875084378667,
          "delta_std": 0.05786568805219714
        }
      }
    },
    "deepseek-v4-pro": {
      "n_folds": 25,
      "overall": {
        "natural_mean": 0.8332147931364656,
        "natural_std": 0.14938237035423088,
        "generated_mean": 0.9901178819059747,
        "generated_std": 0.020941361435563407,
        "delta_mean": 0.1569030887695092,
        "delta_std": 0.15483076145237976
      },
      "per_author": {
        "Catherine Bennett": {
          "n_folds": 5,
          "natural_mean": 0.9360396726344069,
          "natural_std": 0.04858777799446223,
          "generated_mean": 0.9959338462417783,
          "generated_std": 0.012841298966038505,
          "delta_mean": 0.0598941736073715,
          "delta_std": 0.052641532390156086
        },
        "George Monbiot": {
          "n_folds": 5,
          "natural_mean": 0.8694884125485132,
          "natural_std": 0.08758629079329426,
          "generated_mean": 0.9961141832096677,
          "generated_std": 0.020370994184855103,
          "delta_mean": 0.12662577066115432,
          "delta_std": 0.10677555407171951
        },
        "Hugo Young": {
          "n_folds": 5,
          "natural_mean": 0.6542017412107058,
          "natural_std": 0.18613126304712554,
          "generated_mean": 0.9913787271323997,
          "generated_std": 0.008596111949020905,
          "delta_mean": 0.337176985921694,
          "delta_std": 0.191807974115067
        },
        "Jonathan Freedland": {
          "n_folds": 5,
          "natural_mean": 0.7885350718485565,
          "natural_std": 0.14012349427902743,
          "generated_mean": 1.0025433208712589,
          "generated_std": 0.018505521805144493,
          "delta_mean": 0.21400824902270238,
          "delta_std": 0.1336667115869712
        },
        "Martin Kettle": {
          "n_folds": 5,
          "natural_mean": 0.9178090674401449,
          "natural_std": 0.056748508243733266,
          "generated_mean": 0.9646193320747688,
          "generated_std": 0.023239984914790204,
          "delta_mean": 0.04681026463462379,
          "delta_std": 0.04739945648744987
        }
      }
    },
    "glm-5.2": {
      "n_folds": 25,
      "overall": {
        "natural_mean": 0.8332147931364656,
        "natural_std": 0.14938237035423088,
        "generated_mean": 0.9465612148711016,
        "generated_std": 0.10077153567142497,
        "delta_mean": 0.113346421734636,
        "delta_std": 0.16240755219098393
      },
      "per_author": {
        "Catherine Bennett": {
          "n_folds": 5,
          "natural_mean": 0.9360396726344069,
          "natural_std": 0.04858777799446223,
          "generated_mean": 0.995677906641237,
          "generated_std": 0.008852858223083336,
          "delta_mean": 0.059638234006830035,
          "delta_std": 0.04856367622736186
        },
        "George Monbiot": {
          "n_folds": 5,
          "natural_mean": 0.8694884125485132,
          "natural_std": 0.08758629079329426,
          "generated_mean": 0.9503382448746123,
          "generated_std": 0.10110977108473772,
          "delta_mean": 0.0808498323260991,
          "delta_std": 0.17317175106294383
        },
        "Hugo Young": {
          "n_folds": 5,
          "natural_mean": 0.6542017412107058,
          "natural_std": 0.18613126304712554,
          "generated_mean": 0.9836504376286855,
          "generated_std": 0.011664082127394369,
          "delta_mean": 0.3294486964179797,
          "delta_std": 0.17921933238904153
        },
        "Jonathan Freedland": {
          "n_folds": 5,
          "natural_mean": 0.7885350718485565,
          "natural_std": 0.14012349427902743,
          "generated_mean": 0.8334617615207733,
          "generated_std": 0.168484090435356,
          "delta_mean": 0.04492668967221682,
          "delta_std": 0.133886988610698
        },
        "Martin Kettle": {
          "n_folds": 5,