{
  "metric": "cosine_delta",
  "authors": [
    "Catherine Bennett",
    "George Monbiot",
    "Hugo Young",
    "Jonathan Freedland",
    "Martin Kettle"
  ],
  "matrix": [
    [
      0.6570542984557862,
      0.0,
      0.016700981229573735,
      0.15185600053642545,
      0.09969352595820925
    ],
    [
      0.0,
      1.0,
      0.11944110116937716,
      0.08837428594376764,
      0.07417768384796265
    ],
    [
      0.016700981229573735,
      0.11944110116937716,
      0.6941827719455576,
      0.1245902068043171,
      0.23641291467002487
    ],
    [
      0.15185600053642545,
      0.08837428594376764,
      0.1245902068043171,
      0.5286634411209981,
      0.1029198717071553
    ],
    [
      0.09969352595820925,
      0.07417768384796265,
      0.23641291467002487,
      0.1029198717071553,
      0.5964886394904398
    ]
  ],
  "exclude_same_source_document": true,
  "n_chunks": 125
}