{
  "metric": "burrows_delta",
  "authors": [
    "Catherine Bennett",
    "George Monbiot",
    "Hugo Young",
    "Jonathan Freedland",
    "Martin Kettle"
  ],
  "matrix": [
    [
      0.27939559511106304,
      0.23946825962103047,
      0.20170471277901425,
      0.2287697415732617,
      0.213083463589392
    ],
    [
      0.23946825962103047,
      0.27378023783037364,
      0.19814066185804502,
      0.2179076287024082,
      0.20317227525869297
    ],
    [
      0.20170471277901425,
      0.19814066185804502,
      0.1903920900710927,
      0.1831910214507495,
      0.17583357601344773
    ],
    [
      0.2287697415732617,
      0.2179076287024082,
      0.1831910214507495,
      0.22229127483941047,
      0.18883577279384833
    ],
    [
      0.213083463589392,
      0.20317227525869297,
      0.17583357601344773,
      0.18883577279384833,
      0.20020570103381163
    ]
  ],
  "exclude_same_source_document": true,
  "n_chunks": 125
}