{
  "metric": "char_ngram_cosine",
  "authors": [
    "Catherine Bennett",
    "George Monbiot",
    "Hugo Young",
    "Jonathan Freedland",
    "Martin Kettle"
  ],
  "matrix": [
    [
      0.10107894215851587,
      0.08054982137653188,
      0.11051388032672282,
      0.0903102499650732,
      0.09089895551619476
    ],
    [
      0.08054982137653188,
      0.10835913448508849,
      0.1192780770559535,
      0.08859202178743053,
      0.09116247300800362
    ],
    [
      0.11051388032672282,
      0.1192780770559535,
      0.17587462503733897,
      0.12383548633313968,
      0.13426159909955693
    ],
    [
      0.0903102499650732,
      0.08859202178743053,
      0.12383548633313968,
      0.113149130584966,
      0.10132787115673259
    ],
    [
      0.09089895551619476,
      0.09116247300800362,
      0.13426159909955693,
      0.10132787115673259,
      0.12126655959766719
    ]
  ],
  "exclude_same_source_document": true,
  "n_chunks": 125
}