{
  "method": "simple",
  "authors": [
    "Christine Jones",
    "Erica X Eisen",
    "Frank Delaney",
    "Matthew Green",
    "Ross Bullen"
  ],
  "matrix": {
    "Christine Jones": {
      "Christine Jones": 0.883926,
      "Erica X Eisen": 0.845904,
      "Frank Delaney": 0.876339,
      "Matthew Green": 0.912625,
      "Ross Bullen": 0.906999
    },
    "Erica X Eisen": {
      "Christine Jones": 0.845904,
      "Erica X Eisen": 0.84524,
      "Frank Delaney": 0.815262,
      "Matthew Green": 0.864524,
      "Ross Bullen": 0.895533
    },
    "Frank Delaney": {
      "Christine Jones": 0.876339,
      "Erica X Eisen": 0.815262,
      "Frank Delaney": 0.891785,
      "Matthew Green": 0.921596,
      "Ross Bullen": 0.886344
    },
    "Matthew Green": {
      "Christine Jones": 0.912625,
      "Erica X Eisen": 0.864524,
      "Frank Delaney": 0.921596,
      "Matthew Green": 0.895232,
      "Ross Bullen": 0.923633
    },
    "Ross Bullen": {
      "Christine Jones": 0.906999,
      "Erica X Eisen": 0.895533,
      "Frank Delaney": 0.886344,
      "Matthew Green": 0.923633,
      "Ross Bullen": 0.908173
    }
  },
  "self_info": {
    "Christine Jones": {
      "author": "Christine Jones",
      "mean": 0.8839260471985454,
      "std": 0.02421325366441012,
      "n_permutations": 3,
      "per_permutation": [
        0.8964361449747462,
        0.899325206752212,
        0.856016789868678
      ]
    },
    "Erica X Eisen": {
      "author": "Erica X Eisen",
      "mean": 0.8452404071489443,
      "std": 0.025727049427805952,
      "n_permutations": 3,
      "per_permutation": [
        0.8715937872562706,
        0.8201891396312256,
        0.8439382945593366
      ]
    },
    "Frank Delaney": {
      "author": "Frank Delaney",
      "mean": 0.8917847743894888,
      "std": 0.008927402002200395,
      "n_permutations": 3,
      "per_permutation": [
        0.8857087804338235,
        0.9020345831782972,
        0.8876109595563454
      ]
    },
    "Matthew Green": {
      "author": "Matthew Green",
      "mean": 0.8952315525741957,
      "std": 0.02491711370909491,
      "n_permutations": 3,
      "per_permutation": [
        0.9056651025175564,
        0.9132358527773757,
        0.8667937024276551
      ]
    },
    "Ross Bullen": {
      "author": "Ross Bullen",
      "mean": 0.9081725105833967,
      "std": 0.011455244860430577,
      "n_permutations": 4,
      "per_permutation": [
        0.9215646669287508,
        0.895084307007585,
        0.9126557680855998,
        0.9033853003116513
      ]
    }
  },
  "metric_weights_applied": true,
  "metric_weights_count": 53
}