{
  "metric": "cosine_delta",
  "authors": [
    "Catherine Bennett",
    "George Monbiot",
    "Hugo Young",
    "Jonathan Freedland",
    "Martin Kettle"
  ],
  "matrix": [
    [
      0.1773603763604812,
      0.13276702085795744,
      0.13390049307625307,
      0.1430732750488627,
      0.13953308091540284
    ],
    [
      0.13276702085795744,
      0.2006356210746022,
      0.14087332120265772,
      0.13876485994010646,
      0.13780135642803149
    ],
    [
      0.13390049307625307,
      0.14087332120265772,
      0.17988023388441277,
      0.14122278379446873,
      0.1488120344497491
    ],
    [
      0.1430732750488627,
      0.13876485994010646,
      0.14122278379446873,
      0.16864666859255417,
      0.13975204848519873
    ],
    [
      0.13953308091540284,
      0.13780135642803149,
      0.1488120344497491,
      0.13975204848519873,
      0.17324986986530444
    ]
  ],
  "exclude_same_source_document": true,
  "n_chunks": 125
}