{
  "authors": [
    "Catherine Bennett",
    "George Monbiot",
    "Hugo Young",
    "Jonathan Freedland",
    "Martin Kettle"
  ],
  "n_chunks": 125,
  "exclude_same_source_document": true,
  "per_metric": {
    "cosine_delta": {
      "metric": "cosine_delta",
      "authors": [
        "Catherine Bennett",
        "George Monbiot",
        "Hugo Young",
        "Jonathan Freedland",
        "Martin Kettle"
      ],
      "matrix": [
        [
          0.1773603763604812,
          0.13276702085795744,
          0.13390049307625307,
          0.1430732750488627,
          0.13953308091540284
        ],
        [
          0.13276702085795744,
          0.2006356210746022,
          0.14087332120265772,
          0.13876485994010646,
          0.13780135642803149
        ],
        [
          0.13390049307625307,
          0.14087332120265772,
          0.17988023388441277,
          0.14122278379446873,
          0.1488120344497491
        ],
        [
          0.1430732750488627,
          0.13876485994010646,
          0.14122278379446873,
          0.16864666859255417,
          0.13975204848519873
        ],
        [
          0.13953308091540284,
          0.13780135642803149,
          0.1488120344497491,
          0.13975204848519873,
          0.17324986986530444
        ]
      ],
      "exclude_same_source_document": true,
      "n_chunks": 125
    },
    "burrows_delta": {
      "metric": "burrows_delta",
      "authors": [
        "Catherine Bennett",
        "George Monbiot",
        "Hugo Young",
        "Jonathan Freedland",
        "Martin Kettle"
      ],
      "matrix": [
        [
          0.27939559511106304,
          0.23946825962103047,
          0.20170471277901425,
          0.2287697415732617,
          0.213083463589392
        ],
        [
          0.23946825962103047,
          0.27378023783037364,
          0.19814066185804502,
          0.2179076287024082,
          0.20317227525869297
        ],
        [
          0.20170471277901425,
          0.19814066185804502,
          0.1903920900710927,
          0.1831910214507495,
          0.17583357601344773
        ],
        [
          0.2287697415732617,
          0.2179076287024082,
          0.1831910214507495,
          0.22229127483941047,
          0.18883577279384833
        ],
        [
          0.213083463589392,
          0.20317227525869297,
          0.17583357601344773,
          0.18883577279384833,
          0.20020570103381163
        ]
      ],
      "exclude_same_source_document": true,
      "n_chunks": 125
    },
    "char_ngram_cosine": {
      "metric": "char_ngram_cosine",
      "authors": [
        "Catherine Bennett",
        "George Monbiot",
        "Hugo Young",
        "Jonathan Freedland",
        "Martin Kettle"
      ],
      "matrix": [
        [
          0.10107894215851587,
          0.08054982137653188,
          0.11051388032672282,
          0.0903102499650732,
          0.09089895551619476
        ],
        [
          0.08054982137653188,
          0.10835913448508849,
          0.1192780770559535,
          0.08859202178743053,
          0.09116247300800362
        ],
        [
          0.11051388032672282,
          0.1192780770559535,
          0.17587462503733897,
          0.12383548633313968,
          0.13426159909955693
        ],
        [
          0.0903102499650732,
          0.08859202178743053,
          0.12383548633313968,
          0.113149130584966,
          0.10132787115673259
        ],
        [
          0.09089895551619476,
          0.09116247300800362,
          0.13426159909955693,
          0.10132787115673259,
          0.12126655959766719
        ]
      ],
      "exclude_same_source_document": true,
      "n_chunks": 125
    }
  }
}