{
  "schema_version": 3,
  "method": "ks_pair_ratio_power",
  "n_same_pairs": 18,
  "n_diff_pairs": 102,
  "eps": 1e-06,
  "clamp_min": 0.1,
  "weight_power": 3.0,
  "anchor": {
    "powered_separation_mean": 2.0955992084744604
  },
  "metric_weights": {
    "anadiplosis_counts": 0.5266550642235445,
    "cleft_counts": 0.4680409233457062,
    "conjunctions_per_series": 0.42433136667431204,
    "connective_additive": 0.5441212047307498,
    "connective_adversative": 0.7145457302089318,
    "connective_causal": 1.370569466362934,
    "connective_temporal": 1.956346195842993,
    "cttr_per_sentence": 1.587697724415432,
    "dep_adjectival_modifier": 1.3371891138072591,
    "dep_adverbial_modifier": 1.0382350272200545,
    "dep_conjunct": 0.551924329362924,
    "dep_determiner": 1.4256261076435408,
    "dep_direct_object": 1.0088357044849783,
    "dep_nominal_subject": 1.5536986390860543,
    "dep_object_of_preposition": 1.5735698744556186,
    "dep_root": 1.1465326561866986,
    "existential_extraposition_counts": 0.46024389821632283,
    "normalization_counts": 0.6367486930260183,
    "pos_CC": 0.4335360710917348,
    "pos_CD": 0.6180061296142372,
    "pos_DT": 1.3486235579933594,
    "pos_EX": 1.1026901127926596,
    "pos_FW": 1.0809625402021472,
    "pos_IN": 1.4648534585578366,
    "pos_JJ": 1.2232007516353898,
    "pos_JJR": 0.5057112400815391,
    "pos_JJS": 0.2877665510245178,
    "pos_MD": 0.7393471396724789,
    "pos_NN": 0.8497637388958263,
    "pos_NNP": 0.9322890056385398,
    "pos_NNPS": 1.0013234819335213,
    "pos_NNS": 0.9656024389196921,
    "pos_PDT": 0.3675636418743346,
    "pos_POS": 0.4771904837318457,
    "pos_PRP": 1.1380770605430313,
    "pos_PRP$": 0.7507696627910605,
    "pos_RB": 1.1582480343615023,
    "pos_RBR": 0.3690743712244964,
    "pos_RBS": 0.40640648424893694,
    "pos_RP": 0.759343878983749,
    "pos_TO": 1.4553047496818023,
    "pos_VB": 1.0941814313194493,
    "pos_VBD": 0.4897701961706802,
    "pos_VBG": 1.6698416756483903,
    "pos_VBN": 2.5975782221384307,
    "pos_VBP": 1.1892200311296945,
    "pos_VBZ": 0.6227343963647356,
    "pos_WDT": 2.6694193697207402,
    "pos_WP": 1.4383301934966917,
    "pos_WP$": 0.9326943929316285,
    "pos_WRB": 0.8132322311128795,
    "segments_per_sentence": 0.4446033786496765,
    "sentence_lengths": 1.2904654281725887,
    "tricolon_counts": 0.8188462516457177,
    "ttr_per_sentence": 0.5870272824075969,
    "word_lengths": 1.2593533701885031,
    "words_per_sentence": 1.3221358441142752
  },
  "stats": {
    "anadiplosis_counts": {
      "n_same_pairs": 18,
      "n_diff_pairs": 102,
      "ks_S_mean": 0.051647930316068985,
      "ks_D_mean": 0.05337419748255477,
      "sep": 1.0334230961981552
    },
    "cleft_counts": {
      "n_same_pairs": 18,
      "n_diff_pairs": 101,
      "ks_S_mean": 0.021989628685228496,
      "ks_D_mean": 0.021848172655518857,
      "sep": 0.9935674403977064
    },
    "conjunctions_per_series": {
      "n_same_pairs": 18,
      "n_diff_pairs": 102,
      "ks_S_mean": 0.08432467158199748,
      "ks_D_mean": 0.08108843279216695,
      "sep": 0.9616221403385605
    },
    "connective_additive": {
      "n_same_pairs": 18,
      "n_diff_pairs": 102,
      "ks_S_mean": 0.10206593200322057,
      "ks_D_mean": 0.10663070485669765,
      "sep": 1.044723327760386
    },
    "connective_adversative": {
      "n_same_pairs": 18,
      "n_diff_pairs": 102,
      "ks_S_mean": 0.05100162804100939,
      "ks_D_mean": 0.05834870161665541,
      "sep": 1.1440528431150352
    },
    "connective_causal": {
      "n_same_pairs": 18,
      "n_diff_pairs": 102,
      "ks_S_mean": 0.029629351309738625,
      "ks_D_mean": 0.04211753208194273,
      "sep": 1.4214658355434215
    },
    "connective_temporal": {
      "n_same_pairs": 18,
      "n_diff_pairs": 102,
      "ks_S_mean": 0.047595569236599564,
      "ks_D_mean": 0.07617654315129982,
      "sep": 1.600483908254522
    },
    "cttr_per_sentence": {
      "n_same_pairs": 18,
      "n_diff_pairs": 102,
      "ks_S_mean": 0.1593746357204041,
      "ks_D_mean": 0.2379279453071244,
      "sep": 1.4928815451097428
    },
    "dep_adjectival_modifier": {
      "n_same_pairs": 18,
      "n_diff_pairs": 102,
      "ks_S_mean": 0.13578722039547164,
      "ks_D_mean": 0.19143742647948558,
      "sep": 1.4098308816621754
    },
    "dep_adverbial_modifier": {
      "n_same_pairs": 18,
      "n_diff_pairs": 102,
      "ks_S_mean": 0.09895052207437155,
      "ks_D_mean": 0.12821939577231953,
      "sep": 1.2957900301518315
    },
    "dep_conjunct": {
      "n_same_pairs": 18,
      "n_diff_pairs": 102,
      "ks_S_mean": 0.11229633134297723,
      "ks_D_mean": 0.11787680054102022,
      "sep": 1.0496936937975774
    },
    "dep_determiner": {
      "n_same_pairs": 18,
      "n_diff_pairs": 102,
      "ks_S_mean": 0.14535041701907703,
      "ks_D_mean": 0.20934141276098223,
      "sep": 1.4402502366626844
    },
    "dep_direct_object": {
      "n_same_pairs": 18,
      "n_diff_pairs": 102,
      "ks_S_mean": 0.13518931122278088,
      "ks_D_mean": 0.17350791386169337,
      "sep": 1.2834419293241144
    },
    "dep_nominal_subject": {
      "n_same_pairs": 18,
      "n_diff_pairs": 102,
      "ks_S_mean": 0.11586244526097683,
      "ks_D_mean": 0.17172581243319085,
      "sep": 1.482148334588053
    },
    "dep_object_of_preposition": {
      "n_same_pairs": 18,
      "n_diff_pairs": 102,
      "ks_S_mean": 0.12904520286384455,
      "ks_D_mean": 0.19207656857608332,
      "sep": 1.488440297454878
    },
    "dep_root": {
      "n_same_pairs": 18,
      "n_diff_pairs": 102,
      "ks_S_mean": 0.04808364821029784,
      "ks_D_mean": 0.06440178695352156,
      "sep": 1.339362756109943
    },
    "existential_extraposition_counts": {
      "n_same_pairs": 18,
      "n_diff_pairs": 102,
      "ks_S_mean": 0.03106051467134953,
      "ks_D_mean": 0.030688375526084402,
      "sep": 0.9880192853052211
    },
    "normalization_counts": {
      "n_same_pairs": 17,
      "n_diff_pairs": 97,
      "ks_S_mean": 0.02268885162913231,
      "ks_D_mean": 0.02497888407842243,
      "sep": 1.1009276079333135
    },
    "pos_CC": {
      "n_same_pairs": 18,
      "n_diff_pairs": 102,
      "ks_S_mean": 0.11537716024427512,
      "ks_D_mean": 0.11174571473460244,
      "sep": 0.9685257114346052
    },
    "pos_CD": {
      "n_same_pairs": 18,
      "n_diff_pairs": 102,
      "ks_S_mean": 0.09560881685651657,
      "ks_D_mean": 0.10421542128572843,
      "sep": 1.0900179993245669
    },
    "pos_DT": {
      "n_same_pairs": 18,
      "n_diff_pairs": 102,
      "ks_S_mean": 0.1452491158738003,
      "ks_D_mean": 0.20535913603457095,
      "sep": 1.4138380186422494
    },
    "pos_EX": {
      "n_same_pairs": 18,
      "n_diff_pairs": 101,
      "ks_S_mean": 0.02328096763485233,
      "ks_D_mean": 0.030779352084776515,
      "sep": 1.3220683306293817
    },
    "pos_FW": {
      "n_same_pairs": 17,
      "n_diff_pairs": 97,
      "ks_S_mean": 0.019348003130804228,
      "ks_D_mean": 0.025410573140075055,
      "sep": 1.313327253517212
    },
    "pos_IN": {
      "n_same_pairs": 18,
      "n_diff_pairs": 102,
      "ks_S_mean": 0.13694998704072212,
      "ks_D_mean": 0.19903545846898357,
      "sep": 1.4533408102403853
    },
    "pos_JJ": {
      "n_same_pairs": 18,
      "n_diff_pairs": 102,
      "ks_S_mean": 0.13910686090707977,
      "ks_D_mean": 0.19037856380073914,
      "sep": 1.3685751657694418
    },
    "pos_JJR": {
      "n_same_pairs": 18,
      "n_diff_pairs": 102,
      "ks_S_mean": 0.03387340912629891,
      "ks_D_mean": 0.03453526271132711,
      "sep": 1.0195384540158476
    },
    "pos_JJS": {
      "n_same_pairs": 18,
      "n_diff_pairs": 102,
      "ks_S_mean": 0.03866140140170364,
      "ks_D_mean": 0.03266317331404988,
      "sep": 0.8448562978452381
    },
    "pos_MD": {
      "n_same_pairs": 18,
      "n_diff_pairs": 102,
      "ks_S_mean": 0.0911078335230595,
      "ks_D_mean": 0.1054245868725926,