{
  "schema_version": 1,
  "method": "cohens_d_pair_ratio",
  "n_same_pairs": 18,
  "n_diff_pairs": 102,
  "eps": 1e-06,
  "clamp_min": 0.1,
  "anchor": {
    "metric_weights_mean": 1.5174012605084168
  },
  "metric_weights": {
    "anadiplosis_counts": 0.7008730813529951,
    "cleft_counts": 0.6796939137801877,
    "conjunctions_per_series": 1.0,
    "connective_additive": 1.0,
    "connective_adversative": 0.8071152840650152,
    "connective_causal": 0.8511567390542291,
    "connective_temporal": 1.1534123005165415,
    "cttr_per_sentence": 1.2769292164052495,
    "dep_adjectival_modifier": 1.3314227885636574,
    "dep_adverbial_modifier": 1.4633232359965735,
    "dep_conjunct": 0.6733743355047594,
    "dep_determiner": 1.592593214345419,
    "dep_direct_object": 1.1520932524831435,
    "dep_nominal_subject": 1.0612680825082652,
    "dep_object_of_preposition": 1.8273701359608314,
    "existential_extraposition_counts": 0.6616776570365073,
    "normalization_counts": 0.7132670184198078,
    "pos_CC": 1.0,
    "pos_CD": 0.7516667836912633,
    "pos_DT": 1.3828076667872764,
    "pos_EX": 1.0,
    "pos_FW": 1.0,
    "pos_IN": 1.3201904002362574,
    "pos_JJ": 1.1872283590740966,
    "pos_JJR": 0.807652710591532,
    "pos_JJS": 0.7911033038574736,
    "pos_MD": 0.9766840848473413,
    "pos_NN": 0.9985240885819098,
    "pos_NNP": 0.7453048380516186,
    "pos_NNPS": 1.010453016307897,
    "pos_NNS": 0.9360661465986145,
    "pos_PRP": 0.8645396343393839,
    "pos_PRP$": 0.6914811453616089,
    "pos_RB": 0.9205417642961273,
    "pos_RBR": 1.0,
    "pos_RP": 1.0,
    "pos_TO": 1.3422931569867205,
    "pos_VB": 0.9005586888729624,
    "pos_VBD": 1.0531273354480015,
    "pos_VBG": 0.9656854784869691,
    "pos_VBN": 1.0604880104151155,
    "pos_VBP": 0.7028622450574885,
    "pos_VBZ": 0.7378369886639624,
    "pos_WDT": 1.0,
    "pos_WP": 0.7138316545347636,
    "pos_WP$": 1.0,
    "pos_WRB": 0.714832736266595,
    "segments_per_sentence": 0.6733743355047592,
    "sentence_lengths": 1.4675167366777315,
    "tricolon_counts": 0.8542835405315207,
    "ttr_per_sentence": 1.0,
    "word_lengths": 1.0826451116116467,
    "words_per_sentence": 1.4008497823261805
  },
  "stats": {
    "anadiplosis_counts": {
      "n_same_pairs": 18,
      "n_diff_pairs": 102,
      "d_S_mean": 0.19669892764702837,
      "d_D_mean": 0.20919049367205825,
      "sep": 1.063505697101453
    },
    "cleft_counts": {
      "n_same_pairs": 18,
      "n_diff_pairs": 101,
      "d_S_mean": 0.14686361201436465,
      "d_D_mean": 0.15147052013457246,
      "sep": 1.031368401529956
    },
    "conjunctions_per_series": {
      "n_same_pairs": 18,
      "n_diff_pairs": 102,
      "d_S_mean": 0.22701161583197604,
      "d_D_mean": 0.2166609288737925,
      "sep": 0.9544047941113343
    },
    "connective_additive": {
      "n_same_pairs": 18,
      "n_diff_pairs": 102,
      "d_S_mean": 0.20580040764490656,
      "d_D_mean": 0.17447024903009992,
      "sep": 0.8477650907574731
    },
    "connective_adversative": {
      "n_same_pairs": 18,
      "n_diff_pairs": 102,
      "d_S_mean": 0.1330816499839115,
      "d_D_mean": 0.16298768357459514,
      "sep": 1.224717749415863
    },
    "connective_causal": {
      "n_same_pairs": 18,
      "n_diff_pairs": 102,
      "d_S_mean": 0.11929138957657054,
      "d_D_mean": 0.1540706454173345,
      "sep": 1.2915463087311208
    },
    "connective_temporal": {
      "n_same_pairs": 18,
      "n_diff_pairs": 102,
      "d_S_mean": 0.12396352961564022,
      "d_D_mean": 0.21696039067110692,
      "sep": 1.750189278689713
    },
    "cttr_per_sentence": {
      "n_same_pairs": 18,
      "n_diff_pairs": 102,
      "d_S_mean": 0.20845252729691144,
      "d_D_mean": 0.4039014733721327,
      "sep": 1.9376140025533506
    },
    "dep_adjectival_modifier": {
      "n_same_pairs": 18,
      "n_diff_pairs": 102,
      "d_S_mean": 0.17923014274857682,
      "d_D_mean": 0.36210014685686376,
      "sep": 2.020302617636125
    },
    "dep_adverbial_modifier": {
      "n_same_pairs": 18,
      "n_diff_pairs": 102,
      "d_S_mean": 0.12452074031446607,
      "d_D_mean": 0.2764931143417829,
      "sep": 2.220448522832456
    },
    "dep_conjunct": {
      "n_same_pairs": 18,
      "n_diff_pairs": 102,
      "d_S_mean": 0.15677987699522303,
      "d_D_mean": 0.16019441798271536,
      "sep": 1.0217790654889396
    },
    "dep_determiner": {
      "n_same_pairs": 18,
      "n_diff_pairs": 102,
      "d_S_mean": 0.1735615039717472,
      "d_D_mean": 0.41943065926803724,
      "sep": 2.41660295092489
    },
    "dep_direct_object": {
      "n_same_pairs": 18,
      "n_diff_pairs": 102,
      "d_S_mean": 0.20813346010339326,
      "d_D_mean": 0.36385711424265405,
      "sep": 1.7481877535411636
    },
    "dep_nominal_subject": {
      "n_same_pairs": 18,
      "n_diff_pairs": 102,
      "d_S_mean": 0.2024499129522442,
      "d_D_mean": 0.3260197807565831,
      "sep": 1.6103695261353923
    },
    "dep_object_of_preposition": {
      "n_same_pairs": 18,
      "n_diff_pairs": 102,
      "d_S_mean": 0.1376816261322158,
      "d_D_mean": 0.381772785866977,
      "sep": 2.7728537477224027
    },
    "existential_extraposition_counts": {
      "n_same_pairs": 18,
      "n_diff_pairs": 102,
      "d_S_mean": 0.16089334172445927,
      "d_D_mean": 0.16154182811246443,
      "sep": 1.004030510837452
    },
    "normalization_counts": {
      "n_same_pairs": 17,
      "n_diff_pairs": 97,
      "d_S_mean": 0.16309655469270595,
      "d_D_mean": 0.17652148511236307,
      "sep": 1.0823122728292964
    },
    "pos_CC": {
      "n_same_pairs": 18,
      "n_diff_pairs": 102,
      "d_S_mean": 0.18246303418493656,
      "d_D_mean": 0.16690842509259787,
      "sep": 0.9147524652635198
    },
    "pos_CD": {
      "n_same_pairs": 18,
      "n_diff_pairs": 102,
      "d_S_mean": 0.30655853382024234,
      "d_D_mean": 0.34965471142162646,
      "sep": 1.1405801250554304
    },
    "pos_DT": {
      "n_same_pairs": 18,
      "n_diff_pairs": 102,
      "d_S_mean": 0.17549945347556892,
      "d_D_mean": 0.3682470554735019,
      "sep": 2.098274096623716
    },
    "pos_EX": {
      "n_same_pairs": 2,
      "n_diff_pairs": 8,
      "d_S_mean": 0.36386932610332046,
      "d_D_mean": 0.3608199725942921,
      "sep": 0.9916196697277192
    },
    "pos_FW": {
      "n_same_pairs": 6,
      "n_diff_pairs": 12,
      "d_S_mean": 0.8532150674785958,
      "d_D_mean": 0.6022585801345253,
      "sep": 0.7058699467701174
    },
    "pos_IN": {
      "n_same_pairs": 18,
      "n_diff_pairs": 102,
      "d_S_mean": 0.172934402236835,
      "d_D_mean": 0.34643332787217923,
      "sep": 2.0032585774296083
    },
    "pos_JJ": {
      "n_same_pairs": 18,
      "n_diff_pairs": 102,
      "d_S_mean": 0.1770219584824039,
      "d_D_mean": 0.3189061798645288,
      "sep": 1.8015018085703736
    },
    "pos_JJR": {
      "n_same_pairs": 10,
      "n_diff_pairs": 65,
      "d_S_mean": 0.354485620926316,
      "d_D_mean": 0.4344341374720565,
      "sep": 1.2255332411046302
    },
    "pos_JJS": {
      "n_same_pairs": 12,
      "n_diff_pairs": 72,
      "d_S_mean": 0.6346811016724293,
      "d_D_mean": 0.7618848186696082,
      "sep": 1.2004211504657036
    },
    "pos_MD": {
      "n_same_pairs": 18,
      "n_diff_pairs": 102,
      "d_S_mean": 0.23681867171943793,
      "d_D_mean": 0.3509708833494422,
      "sep": 1.4820216614658652
    },
    "pos_NN": {
      "n_same_pairs": 18,
      "n_diff_pairs": 102,
      "d_S_mean": 0.23755275769599027,
      "d_D_mean": 0.3599313578848923,
      "sep": 1.515161710662208
    },
    "pos_NNP": {
      "n_same_pairs": 18,
      "n_diff_pairs": 102,
      "d_S_mean": 0.27550631584546453,
      "d_D_mean": 0.3115775246325729,
      "sep": 1.1309265007225475
    },
    "pos_NNPS": {
      "n_same_pairs": 6,
      "n_diff_pairs": 28,
      "d_S_mean": 0.6453796142312834,
      "d_D_mean": 0.9895370106029807,
      "sep": 1.533262680630135
    },